st,rptdate,c1,c2,c3,c4,c5,c6,c7,c8,c9,c10,c11,c12,c13,c14,c15,c16,c17,c18,c19,c20,c21,c22,c23,c24,c25,c26,c27,c28
AK,4/30/2020,3904,3904,0,0,0,0,2400,2400,0,0,0,0,0,0,0,0,0,0,0,0,0,0,0,0,129879,0,0,0
AK,5/31/2020,7007,7007,7731,87690,48346,8783307,3406,3406,2801,0,0,0,0,0,0,0,0,0,0,0,0,10,53,11171,452814,0,0,0
AK,6/30/2020,5369,5369,3828,82505,59359,10565778,2098,2098,37,2,0,0,0,0,0,2,0,0,0,0,0,0,0,0,385250,0,0,0
AK,7/31/2020,2592,2592,575,63719,26642,494498,0,0,109,6,0,3,0,2,0,2,0,2,0,0,0,0,0,0,252265,0,0,0
AR,4/30/2020,0,0,0,0,0,0,0,0,0,0,0,0,0,0,0,0,0,0,0,0,0,0,0,0,0,0,0,0
AR,5/31/2020,40225,4302,20519,48428,44986,5938740,26055,4046,0,0,0,0,0,0,0,0,0,0,0,0,0,0,0,0,1043238,0,0,0
AR,6/30/2020,37115,43222,17804,481562,445576,62705413,20390,30086,0,0,0,0,0,0,0,0,0,0,0,0,0,0,0,0,1435860,0,0,0
AR,7/31/2020,48673,21986,19686,481873,460837,62325744,26333,15232,0,0,0,0,0,0,0,0,0,0,0,0,0,0,0,0,1695877,0,0,0
AR,8/31/2020,52966,13017,13600,514598,498182,66502583,21281,7991,0,741,37,329,1,134,1,0,0,0,0,0,0,0,0,0,1875202,0,0,0
AR,9/30/2020,25478,2306,3289,294646,297459,38832456,11592,1513,0,755,58,531,41,129,18,0,0,0,0,0,0,0,0,0,998001,0,0,0
AZ,5/31/2020,204652,132179,46636,1637033,784443,117883218,56846,32799,14,0,0,0,0,0,0,0,0,0,0,0,0,0,0,0,6679270,0,0,0
AZ,6/30/2020,629875,615083,242026,7524997,3951131,545020414,87616,86694,62,0,0,0,0,0,0,0,0,0,0,0,0,0,0,0,25413348,0,0,0
AZ,7/31/2020,899971,887913,244190,9563948,3623357,486558049,91695,91011,114,1,0,0,0,0,0,1,0,0,0,0,0,0,0,0,34772109,0,0,0
AZ,8/31/2020,273541,270055,126803,1946610,2319048,332687662,40407,40173,876,0,0,0,0,0,0,0,0,0,0,0,0,0,0,0,8653882,0,0,0
AZ,9/30/2020,1256138,1254423,313691,2367831,2016672,324770149,138412,138490,10788,17,0,5,0,5,0,1,0,2,0,2,0,0,0,0,26637356,0,0,0
CA,4/30/2020,231338,231307,37851,196436,188477,30411980,229789,229758,6160,0,0,0,0,0,0,0,0,0,0,0,0,0,0,0,8840264,0,0,0
CA,5/31/2020,505561,487343,532853,5210306,5075202,1278634843,444748,434816,107346,54,0,1,0,1,0,54,0,1,0,1,0,4,12,2074,27227052,2,7,1520
CA,6/30/2020,381354,352889,271687,5820471,5607610,1377514019,337508,318612,163856,1758,1,423,0,203,0,1079,1,254,0,145,0,340,2502,610849,24264358,20,142,40784
CA,7/31/2020,756292,719386,452762,10935303,10651507,2869156172,708238,681706,208998,3921,71,2565,2,1589,1,2567,30,1687,2,1183,1,1453,14934,3731249,48720692,56,422,127593
CA,8/31/2020,1174215,1136234,686651,21278050,19736581,6362924503,1119549,1091088,1440246,4991,129,3814,98,2289,98,3075,61,2437,98,1650,98,803,9114,2565053,84069138,84,808,242701
CA,9/30/2020,644955,606971,150643,15400749,9163311,2551352255,577402,549497,6149582,7005,200,4944,192,2913,80,4500,91,3049,192,2024,38,803,10215,3702259,54173194,79,823,267856
CO,4/30/2020,51744,51744,31744,195860,160440,58004947,51744,51744,2070,0,0,0,0,0,0,0,0,0,0,0,0,309,439,210532,2894358,0,0,0
CO,5/31/2020,33085,33085,41012,472934,436328,140639953,33085,33085,6417,0,0,0,0,0,0,0,0,0,0,0,0,4265,22180,6256573,2058991,0,0,0
CO,6/30/2020,56759,38867,37797,674844,652002,187230294,56759,38867,56175,0,0,0,0,0,0,0,0,0,0,0,0,4768,40925,21468845,3577741,1317,15203,11759809
CO,7/31/2020,159962,28353,76138,466088,479001,141722220,159962,28353,75490,57,0,34,0,9,0,57,0,34,0,9,0,18395,84244,50511535,8915678,14890,52593,36545125
CO,8/31/2020,166057,15730,34743,467491,368422,121342893,166057,15730,136544,42,1,30,0,12,0,42,1,30,0,12,0,41617,101376,62961912,9239465,14122,34411,17303491
CO,9/30/2020,37313,10321,7318,341009,297834,83707352,37313,10321,68105,12,3,8,2,3,1,12,3,8,2,3,1,21777,131382,48334892,2293838,515,1430,798042
CT,4/30/2020,0,0,0,0,0,0,0,0,0,0,0,0,0,0,0,0,0,0,0,0,0,0,0,0,0,0,0,0
CT,5/31/2020,26736,24932,23258,237632,219034,44436164,24911,23424,0,0,0,0,0,0,0,0,0,0,0,0,0,0,0,0,1590527,0,0,0
CT,6/30/2020,8444,9921,16337,263203,251548,60420964,0,0,8,0,0,0,0,0,0,0,0,0,0,0,0,0,0,0,923405,0,0,0
CT,7/31/2020,10808,10366,11898,276153,267154,63849443,0,0,7,0,0,0,0,0,0,0,0,0,0,0,0,0,0,0,998529,0,0,0
CT,8/31/2020,6204,4167,5182,241687,233313,56005611,3343,2148,0,0,0,0,0,0,0,0,0,0,0,0,0,0,0,0,762069,0,0,0
CT,9/30/2020,4250,2967,4209,206189,199034,47231829,2218,1376,6,0,0,0,0,0,0,0,0,0,0,0,0,0,0,0,614192,0,0,0
DC,4/30/2020,7034,7030,4453,9513,9340,1681842,3512,3510,0,0,0,0,0,0,0,0,0,0,0,0,0,0,1,237,436628,0,0,0
DC,5/31/2020,6715,6715,6463,20823,20228,3587834,2845,2845,0,0,0,0,0,0,0,0,0,0,0,0,0,0,126,22309,422408,0,0,0
DC,6/30/2020,3539,3539,3406,8332,8016,1412452,1177,1177,0,0,0,0,0,0,0,0,0,0,0,0,0,0,252,44020,191952,0,0,0
DC,7/31/2020,2278,2278,2230,4219,4072,717215,778,778,0,0,0,0,0,0,0,0,0,0,0,0,0,0,0,0,122777,0,0,0
DC,8/31/2020,1021,1021,1007,2665,2531,454820,354,354,0,0,0,0,0,0,0,0,0,0,0,0,0,0,0,0,55626,0,0,0
DC,9/30/2020,764,764,745,1728,1636,304874,247,247,0,0,0,0,0,0,0,0,0,0,0,0,0,0,0,0,41389,0,0,0
DE,4/30/2020,0,0,0,0,0,0,0,0,0,0,0,0,0,0,0,0,0,0,0,0,0,0,0,0,0,0,0,0
DE,5/31/2020,6094,113,113,37511,916,140430,4171,107,53,0,0,0,0,0,0,0,0,0,0,0,0,0,0,0,274328,0,0,0
DE,6/30/2020,2876,2311,4469,44789,54186,6180829,1569,1559,3893,0,0,0,0,0,0,0,0,0,0,0,0,0,0,0,200199,0,0,0
DE,7/31/2020,1709,1377,2071,43104,45098,4976038,864,861,3257,3,0,0,0,0,0,0,0,0,0,0,0,0,0,6862,164224,0,0,0
DE,8/31/2020,871,705,574,36955,31702,4243914,435,433,2049,2,0,1,0,0,0,0,0,0,0,0,0,9,72,9911,125053,0,0,0
DE,9/30/2020,495,415,457,31565,50940,3578152,248,236,1980,2,0,2,0,0,0,0,0,0,0,0,0,3,34,6546,100296,0,0,0
FL,4/30/2020,18273,0,338,5,609,92754,8274,0,0,0,0,0,0,0,0,0,0,0,0,0,0,0,0,0,399923,0,0,0
FL,5/31/2020,126334,0,105885,445986,441368,68824109,74479,0,6196,609,0,11,0,0,0,349,0,4,0,0,0,213,384,71033,3545729,0,0,0
FL,6/30/2020,133501,0,126769,1169527,1176365,160737623,77774,0,41628,1612,1,68,0,7,0,886,0,28,0,2,0,871,1797,306509,4937655,0,0,0
FL,7/31/2020,51181,2,59787,1241979,1218003,164459056,31851,0,56600,1848,6,171,1,57,1,949,0,84,0,32,0,1713,5134,664455,3442248,0,0,0
GA,3/31/2020,0,0,0,0,0,0,0,0,0,0,0,0,0,0,0,0,0,0,0,0,0,0,0,0,0,0,0,0
GA,4/30/2020,82908,76461,7040,12535,12535,2295259,38677,37110,0,0,0,0,0,0,0,0,0,0,0,0,0,0,0,0,2299919,0,0,0
GA,5/31/2020,118162,106262,64880,911648,911648,194232005,59686,56032,0,0,0,0,0,0,0,0,0,0,0,0,0,0,0,0,4818934,0,0,0
GA,6/30/2020,84948,78438,51659,1784324,1782915,357283921,41917,40263,0,0,0,0,0,0,0,0,0,0,0,0,0,0,0,0,5410867,0,0,0
GA,7/31/2020,111886,104662,60108,2163070,2162991,461079557,58520,56299,0,0,0,0,0,0,0,0,0,0,0,0,0,0,0,0,7671067,0,0,0
GA,8/31/2020,28640,24613,106,1039257,1039251,215677406,12517,11463,0,0,0,0,0,0,0,0,0,0,0,0,0,0,0,0,2897160,0,0,0
GA,9/30/2020,24288,19297,78,1176265,1176108,243636770,9608,8423,0,0,0,0,0,0,0,0,0,0,0,0,0,0,0,0,3023906,0,0,0
HI,4/30/2020,10551,10481,0,0,0,0,9121,9121,0,0,0,0,0,0,0,0,0,0,0,0,0,0,0,0,279993,0,0,0
HI,5/31/2020,33674,32388,29937,355922,248912,69696348,18847,18847,8436,5651,0,0,0,0,0,4173,0,0,0,0,0,2,5,1334,2234307,0,0,0
HI,6/30/2020,42609,39172,13182,534049,279429,77355949,14783,14783,146903,7224,0,0,0,0,0,4347,0,0,0,0,0,6245,33208,8751199,3142382,0,0,0
HI,7/31/2020,16307,13874,2348,370612,127419,36009765,5034,5034,138147,5085,0,0,0,0,0,3182,0,0,0,0,0,2983,3224,8591625,1877067,0,0,0
HI,8/31/2020,12530,10839,4071,386575,198522,55546542,3428,3428,231748,5237,0,0,0,0,0,3021,0,0,0,0,0,1787,24482,6514242,1843872,0,0,0
HI,9/30/2020,14526,12972,3647,467766,235402,65319231,4727,4727,331595,4993,0,0,0,0,0,2746,0,0,0,0,0,1378,19016,5052251,2214829,0,0,0
HI,10/31/2020,12410,11022,1195,426129,169208,46864095,3746,3746,282411,4128,0,0,0,0,0,2159,0,0,0,0,0,758,10000,2851065,2036353,0,0,0
IA,4/30/2020,32756,32030,12382,44105,44105,11133979,12610,12610,0,0,0,0,0,0,0,0,0,0,0,0,0,0,0,0,928782,0,0,0
IA,5/31/2020,14537,13612,7837,90120,90120,21399119,5980,5980,0,0,0,0,0,0,0,0,0,0,0,0,0,0,0,0,592211,0,0,0
IA,6/30/2020,6975,6207,5328,122938,122938,27772868,2458,2458,0,0,0,0,0,0,0,0,0,0,0,0,0,0,0,0,517675,0,0,0
IA,7/31/2020,7245,6207,1843,91269,91269,20842196,2084,2084,311,103,0,0,0,0,0,69,0,0,0,0,0,0,0,0,459359,0,0,0
IA,8/31/2020,4623,3684,1966,79598,79598,18652757,1262,1006,36621,172,0,6,0,2,0,62,0,6,0,2,0,0,0,0,358178,0,0,0
IA,9/30/2020,3762,2382,1364,82779,82779,19545980,1074,691,26949,241,14,142,1,49,0,90,7,72,0,33,0,0,0,0,377652,0,0,0
ID,5/31/2020,8851,8721,30761,129276,180882,36576935,2234,2166,0,2,0,1,0,0,0,0,0,0,0,0,0,0,0,0,439367,0,0,0
ID,6/30/2020,81244,80918,17890,61443,136498,29060248,8540,8528,234,280,0,229,0,0,0,0,0,0,0,0,0,0,0,0,2424242,0,0,0
ID,7/31/2020,8390,7960,7175,64296,68918,14030449,3199,3005,169,117,6,172,2,0,0,0,0,0,0,0,0,0,0,0,383476,0,0,0
ID,8/31/2020,6092,5850,4549,65163,62740,13090365,45,41,186,41,0,189,2,0,0,0,0,0,0,0,0,0,0,0,323170,0,0,0
ID,9/30/2020,1434,1335,2218,46931,47568,10259075,21,19,182,41,0,189,2,0,0,0,0,0,0,0,0,0,0,0,159717,0,0,0
IL,4/30/2020,0,0,0,0,0,0,0,0,0,0,0,0,0,0,0,0,0,0,0,0,0,0,0,0,0,0,0,0
IL,5/31/2020,99865,99865,45523,740186,374700,105850062,84027,84027,11791,0,0,0,0,0,0,0,0,0,0,0,0,0,0,0,4844157,0,0,0
IL,6/30/2020,77903,77903,36552,1078435,1061347,269672291,35689,35689,19572,0,0,0,0,0,0,0,0,0,0,0,0,0,0,0,4713620,0,0,0
IL,7/31/2020,157765,157765,69413,2257107,1744209,467826404,37782,37782,66896,0,0,0,0,0,0,0,0,0,0,0,0,0,0,0,10125230,0,0,0
IL,8/31/2020,16095,16095,4334,750143,714782,160159838,8227,8227,200063,0,0,0,0,0,0,0,0,0,0,0,0,0,0,0,2042512,0,0,0
IN,4/30/2020,0,0,0,0,0,0,0,0,0,0,0,0,0,0,0,0,0,0,0,0,0,0,0,0,0,0,0,0
IN,5/31/2020,109719,109704,83525,655137,649196,103636000,52042,52041,4173,0,0,0,0,0,0,0,0,0,0,0,0,10919,30433,5814420,4148047,0,0,0
IN,6/30/2020,65307,64743,47342,886790,721852,110202180,19587,19522,36190,3,0,0,0,0,0,0,0,0,0,0,0,492,2618,322483,3192406,1,7,1043
IN,7/31/2020,62631,44973,13482,710729,416820,63777192,18617,16022,135246,134,1,6,0,1,0,18,0,0,0,0,0,1925,11115,1584478,2796959,0,0,0
IN,8/31/2020,31534,30369,14498,669719,478891,73405720,9308,9061,107415,902,2,63,1,17,0,119,0,6,0,3,0,3049,20445,3003126,1873086,6,68,10132
IN,9/30/2020,53541,49481,9469,969350,531371,200879298,16076,14613,100193,1375,9,175,1,49,0,188,0,33,0,21,0,1598,7628,1047061,2947029,3,23,3494
KS,3/31/2020,0,0,0,0,0,0,0,0,0,0,0,0,0,0,0,0,0,0,0,0,0,0,0,0,0,0,0,0
KS,4/30/2020,0,0,0,0,0,0,0,0,0,0,0,0,0,0,0,0,0,0,0,0,0,0,0,0,0,0,0,0
KS,5/31/2020,30988,18297,12189,145377,121930,27613279,10962,7061,0,0,0,0,0,0,0,0,0,0,0,0,0,0,0,0,916027,0,0,0
KS,6/30/2020,14295,4819,4819,1518090,95833,38378534,2496,1450,0,0,0,0,0,0,0,0,0,0,0,0,0,0,0,0,4618542,0,0,0
KS,7/31/2020,23108,5425,5425,352117,65247881,0,3364,1265,0,0,0,0,0,0,0,0,0,0,0,0,0,0,0,0,1399765,0,0,0
KS,8/31/2020,55971,3803,3803,974886,121756,53675599,5059,663,0,0,0,0,0,0,0,0,0,0,0,0,0,0,0,0,3745175,0,0,0
KS,9/30/2020,50078,385,385,9395760,88594,20195692,6433,121,0,0,0,0,0,0,0,0,0,0,0,0,0,0,0,0,28137016,0,0,0
KY,3/31/2020,51897,33461,0,369264,0,0,0,0,0,0,0,0,0,0,0,0,0,0,0,0,0,0,0,0,1519076,0,0,0
KY,4/30/2020,60017,60017,217784,460048,627438,112938678,0,0,0,355,0,133,0,0,0,0,0,0,0,0,0,0,0,0,1713681,0,0,0
KY,5/31/2020,20290,13894,31163,296906,313851,56736332,0,0,15117,151,0,335,0,335,0,0,0,0,0,0,0,0,0,0,802758,0,0,0
KY,6/30/2020,13772,3680,25971,198393,312137,65534593,0,0,45635,496,0,380,0,0,0,0,0,0,0,0,0,0,0,0,567933,0,0,0
KY,7/31/2020,11442,1561,16816,252024,295431,61200584,0,0,53519,34,0,170,0,0,0,0,0,0,0,0,0,4,10,1800,558527,3,9,1620
KY,8/31/2020,9885,572,15798,530613,530613,115267976,0,0,66974,107,0,70,0,0,0,0,0,0,0,0,0,3,21,3676,853594,0,0,0
KY,9/30/2020,9034,240,8852,123143,283013,58776133,0,0,60318,112,0,59,0,0,0,0,0,0,0,0,0,19,28,16894,334212,0,0,0
LA,4/30/2020,104224,103408,87644,272404,269069,28953820,63997,63245,5,744,0,0,0,0,0,181,0,0,0,0,0,1177,1263,103650,3925672,0,0,0
LA,5/31/2020,53640,52959,58136,650809,575557,62692621,41875,41673,122,341,0,14,0,0,0,11,0,0,0,0,0,188,522,71374,3663102,0,0,0
LA,6/30/2020,43496,39474,28954,729355,729706,82266808,19205,18131,513,174,0,1,0,0,0,32,0,0,0,0,0,209,823,111937,3446917,0,0,0
LA,7/31/2020,39348,31833,22647,642726,671007,76714740,12749,10664,2865,295,0,2,0,0,0,59,0,1,0,0,0,201,1177,146575,3064107,0,0,0
LA,8/31/2020,20340,25534,8331,631579,600697,71186192,6254,6348,4535,494,0,1,0,0,0,123,0,0,0,0,0,233,1950,199186,2535189,0,0,0
LA,9/30/2020,33458,53336,9038,580822,611478,75783006,15887,14574,5545,455,0,108,0,13,0,129,0,37,0,7,0,213,1795,220809,2734738,2,21,2366
MA,4/30/2020,176219,173193,204208,922173,842993,233079128,109803,109803,30756,13613,0,0,0,0,0,6126,0,0,0,0,0,1,7,1869,4135990,0,0,0
MA,5/31/2020,407084,394889,267114,4702017,2518814,756287302,96146,96146,209187,31488,0,0,0,0,0,10975,0,0,0,0,0,2037,15627,4646708,12391901,0,0,0
MA,6/30/2020,68516,68516,51160,1954646,1491281,444834283,18548,18548,2963222,41044,0,0,0,0,0,15772,0,0,0,0,0,83459,708489,218514971,3369172,0,0,0
MA,7/31/2020,55810,55810,33368,1901870,1355145,397827417,13979,13979,756861,32170,0,0,0,0,0,11590,0,0,0,0,0,7588,72117,20822243,3603681,0,0,0
MA,8/31/2020,48350,48350,24261,2110552,1487526,437215248,10897,10897,743957,28755,0,15,0,0,0,10244,0,6,0,0,0,923,11706,2717639,3713628,0,0,0
MA,9/30/2020,49259,49259,11268,1952458,1089557,320956961,11672,11672,906181,17556,0,417,0,318,0,6061,0,417,0,318,0,6800,72018,22629063,3675814,0,0,0
MD,1/31/2020,0,0,0,0,0,0,0,0,0,0,0,0,0,0,0,0,0,0,0,0,0,0,0,0,0,0,0,0
MD,2/29/2020,0,0,0,0,0,0,0,0,0,0,0,0,0,0,0,0,0,0,0,0,0,0,0,0,0,0,0,0
MD,3/31/2020,0,0,0,0,0,0,0,0,0,0,0,0,0,0,0,0,0,0,0,0,0,0,0,0,0,0,0,0
MD,4/30/2020,87439,87439,0,2778290,0,0,0,0,0,0,0,0,0,0,0,0,0,0,0,0,0,0,0,0,8695453,0,0,0
MD,5/31/2020,96440,82347,85408,830419,634266,157751823,30669,32773,43,29,3,3,1,0,0,0,0,0,0,0,0,0,0,0,4610643,0,0,0
MD,6/30/2020,158297,158238,148353,2373784,2346977,125923504,39457,39436,0,42,0,1,0,0,0,0,0,0,0,0,0,0,0,0,9820645,0,0,0
MD,7/31/2020,102075,119026,66051,1994226,1446332,394071057,40244,48754,157,148,18,44,18,17,0,7,0,1,0,0,0,42630,16300,13619564,7483417,0,0,0
MD,8/31/2020,21064,35529,15450,1095807,944612,233965715,7419,12789,89,715,33,71,18,71,0,63,1,8,0,8,0,773,5645,4633520,3104196,0,0,0
MD,9/30/2020,19984,23226,16414,1093257,956402,230234465,8386,7915,2019,619,6,17,0,17,0,54,1,3,0,3,0,468,4154,3150332,3055389,0,0,0
ME,3/31/2020,9420,8958,0,0,0,0,1656,1573,0,0,0,0,0,0,0,0,0,0,0,0,0,0,0,0,236882,0,0,0
ME,4/30/2020,6838,6667,0,0,0,0,1456,1436,0,0,0,0,0,0,0,0,0,0,0,0,0,0,0,0,168763,0,0,0
ME,5/31/2020,23368,22665,26272,192400,186677,32552082,16596,16203,0,279,0,0,0,0,0,0,0,0,0,0,0,21,57,4129,933801,0,0,0
ME,6/30/2020,4255,3749,8179,154975,147747,28633736,1965,1795,1,128,1,5,0,1,0,0,0,0,0,0,0,31,135,7693,393466,0,0,0
ME,7/31/2020,3768,0,4698,177815,171755,28276223,1482,0,0,92,0,2,1,0,0,0,0,0,0,0,0,1413,3530,632570,422317,0,0,0
ME,8/31/2020,1899,1699,7871,132196,124403,25238508,645,582,0,184,11,19,0,0,0,0,0,0,0,0,0,203,336,57832,294961,0,0,0
ME,9/30/2020,1485,834,1646,97948,93721,18201904,628,345,0,178,1,105,11,8,0,0,0,0,0,0,0,32,190,37453,236470,0,0,0
MI,3/31/2020,141,129,0,0,0,0,15,5,0,0,0,0,0,0,0,0,0,0,0,0,0,0,0,0,5123,0,0,0
MI,4/30/2020,365792,362632,288148,1496456,1425964,275172792,104681,104478,437,0,0,0,0,0,0,0,0,0,0,0,0,0,0,0,17360755,0,0,0
MI,5/31/2020,571607,564176,395050,4607265,4262295,777974706,24819,24710,59615,0,0,0,0,0,0,0,0,0,0,0,0,0,0,0,33932294,0,0,0
MI,6/30/2020,121305,94592,172445,4588167,3109663,765010929,6979,6320,16709,0,0,0,0,0,0,0,0,0,0,0,0,0,0,0,18027427,0,0,0
MI,7/31/2020,91812,53683,42967,3076489,2639387,506933182,6627,5486,14492,0,0,0,0,0,0,0,0,0,0,0,0,0,0,0,12631118,0,0,0
MI,8/31/2020,53562,29834,29847,3963374,2376537,614971325,4120,3238,14620,0,0,0,0,0,0,0,0,0,0,0,0,0,0,0,13960024,0,0,0
MI,9/30/2020,156898,111584,12993,2419332,1990831,418651018,3951,3176,32730,0,0,0,0,0,0,0,0,0,0,0,0,0,0,0,12959428,0,0,0
MN,3/31/2020,21622,21526,6304,11022,9564,2858879,6984,6964,8340,0,0,0,0,0,0,0,0,0,0,0,0,12,14,6754,686839,0,0,0
MN,4/30/2020,64350,62770,46589,185315,174962,54102325,33226,33223,150386,10,0,12,0,1,0,3,0,3,0,1,0,419,719,163333,2390759,0,0,0
MN,5/31/2020,14908,12288,26682,357788,328267,99155924,6604,6604,65037,222,0,221,0,52,0,51,0,52,0,20,0,3376,8469,2437692,1311269,1,4,936
MN,6/30/2020,4353,3557,10089,328613,301606,88134024,1417,1417,31426,894,0,903,0,310,0,221,0,223,0,78,0,2165,9025,2907127,1069042,4,18,4118
MN,7/31/2020,2877,1993,4251,281055,259760,74239438,563,563,21004,918,0,905,0,204,0,268,0,267,0,48,0,1332,7210,2798794,917070,0,0,0
MN,8/31/2020,1324,1315,1903,239091,222879,64198921,241,239,17519,935,0,945,0,242,0,293,0,295,0,59,0,1044,6029,2194337,783295,0,0,0
MN,9/30/2020,1347,1335,2399,208933,195020,55682972,173,171,14499,628,0,616,0,238,0,165,0,158,0,70,0,550,2651,672517,645146,0,0,0
MO,4/30/2020,54794,0,29149,116759,113060,14817425,36017,0,862,0,0,0,0,0,0,0,0,0,0,0,0,9,14,1774,1320720,0,0,0
MO,5/31/2020,32245,28335,32482,371691,357184,48302342,15883,15117,11916,18,0,0,0,0,0,6,0,0,0,0,0,3833,7428,823644,1536790,0,0,0
MO,6/30/2020,20172,19861,20510,433854,412071,57973987,8999,9338,19245,107,0,8,0,0,0,31,0,4,0,0,0,4713,8218,3125857,1481696,5,28,10605
MO,7/31/2020,16611,16704,26438,367973,354389,51434983,8445,8740,11941,166,0,56,0,0,0,54,0,18,0,0,0,1390,1554,1028684,1255418,4,60,21523
MO,8/31/2020,8551,8170,8091,331705,318407,47071731,3183,3385,7284,390,0,38,0,0,0,228,0,15,0,0,0,1283,4027,917054,1019893,11,110,35569
MO,9/30/2020,4895,4749,5239,320108,306373,46085015,1222,1283,8058,792,0,69,0,0,0,475,0,37,0,0,0,1011,5246,1324840,931505,24,122,42911
MS,4/30/2020,62642,36949,25829,102566,99542,10901483,417,194,0,0,0,0,0,0,0,0,0,0,0,0,0,10,15,308151,1771050,0,0,0
MS,5/31/2020,84738,43730,46730,500477,486089,52567143,852,802,0,1,0,0,0,0,0,0,0,0,0,0,0,2,7,15961,3714132,0,0,2332
MS,6/30/2020,58252,34490,31631,377696,373279,40677790,396,340,0,0,0,1,0,0,0,0,0,0,0,0,0,0,0,30810,2675993,0,0,17549
MS,7/31/2020,32720,17231,17103,366478,363484,39894351,162,126,0,1,0,0,0,0,0,0,0,0,0,0,0,2,5,53717,2065517,1,1,38012
MS,8/31/2020,14686,8970,9355,353011,338644,37911339,68,42,11075,4060,0,42,0,0,0,53,0,0,0,0,0,59,370,81007,1619500,0,0,47288
MS,9/30/2020,12412,8141,5229,254262,252455,28797688,66,80,147,1740,0,121,0,0,0,13,0,2,0,0,0,63,389,146707,1242835,0,0,119831
MT,4/30/2020,10774,10628,7579,52943,38791,6983768,8287,8287,1330,0,0,0,0,0,0,0,0,0,0,0,0,0,0,0,389485,0,0,0
MT,5/31/2020,15108,14687,6852,182598,80211,14229119,5238,5238,11348,0,0,0,0,0,0,0,0,0,0,0,0,0,0,0,743877,0,0,0
MT,6/30/2020,11682,10909,3556,188523,89555,15719208,2942,2942,123421,0,0,0,0,0,0,0,0,0,0,0,0,0,0,0,661546,0,0,0
MT,7/31/2020,10687,9554,1931,202345,75063,13162240,2543,2543,109314,0,0,0,0,0,0,0,0,0,0,0,0,170,1709,309538,686682,0,0,0
MT,8/31/2020,8742,8375,686,200912,62510,10718123,2024,2024,199178,0,0,0,0,0,0,0,0,0,0,0,0,3208,42870,7722039,628633,0,0,0
MT,9/30/2020,9163,9163,324,201805,41844,7807648,2205,2205,206268,0,0,0,0,0,0,0,0,0,0,0,0,862,13371,2538269,642356,0,0,0
NC,4/30/2020,42808,42808,32582,275893,192318,17508307,0,0,1063,14,0,9,0,5,0,0,0,0,0,0,0,29,30,0,2919400,0,0,0
NC,5/31/2020,111094,108526,95538,918593,823100,117986840,1,1,1063,110,0,7,0,2,0,0,0,0,0,0,0,2204,2909,11905,8167511,7,19,2508
NC,6/30/2020,54338,35060,35799,892576,745140,100953576,4,4,2952,1112,0,10,0,1,0,0,0,0,0,0,0,4193,8123,211102,5169906,293,1086,138807
NC,7/31/2020,49478,29268,27948,869153,784199,106861344,0,0,6124,2150,5,3,0,2,0,0,0,0,0,0,0,6714,13389,437389,4877213,436,1573,187270
NC,8/31/2020,41928,10569,11545,776732,723506,99643949,0,0,10427,2280,4,7,1,3,0,0,0,0,0,0,0,8641,19718,705231,4255969,548,1951,233003
NC,9/30/2020,32641,7464,8116,705511,784297,110243680,2,0,16769,2642,15,4,10,4,0,0,0,0,0,0,0,10827,26250,955725,3618999,600,2141,248508
ND,4/30/2020,5541,5541,2583,6024,5994,1354988,5541,5541,30,0,0,0,0,0,0,0,0,0,0,0,0,5,5,1140,94151,0,0,0
ND,5/31/2020,3193,3218,4403,37861,39802,9140831,3132,3155,0,49,0,1,0,1,0,49,0,1,0,1,0,240,642,142902,102188,0,0,0
ND,6/30/2020,3344,3355,1727,35021,34911,8564227,3171,3181,386,222,2,38,1,19,0,203,2,38,1,19,0,292,1469,337910,113770,0,0,0
ND,7/31/2020,1514,1517,691,25859,24823,6064634,1399,1401,1111,369,7,41,7,12,0,323,6,37,6,12,0,166,878,199119,72197,0,0,0
ND,8/31/2020,5290,5294,416,24681,17399,4308686,5289,5293,7282,966,3,292,1,290,0,934,2,283,1,282,0,704,1411,338675,169914,0,0,0
ND,9/30/2020,4141,4166,346,24423,16437,5254358,4141,4166,7986,458,0,177,1,150,0,447,0,173,1,147,0,117,714,179089,132364,0,0,0
NE,4/30/2020,20987,18172,11172,46741,40129,6945654,1766,827,0,106,0,0,0,0,0,0,0,0,0,0,0,0,0,0,877407,0,0,0
NE,5/31/2020,5183,4919,4707,85830,68373,12675102,1423,1749,2329,26,0,3,0,0,0,0,0,0,0,0,0,176,0,93871,349748,0,0,0
NE,6/30/2020,5253,3230,3012,113822,90428,16543561,1269,1065,12694,560,0,5,0,0,0,0,0,0,0,0,0,864,4104,284957,402652,2,17,2941
NE,7/31/2020,6422,977,499,110949,50540,9299800,1979,363,10166,381,0,9,0,0,0,0,0,0,0,0,0,601,3612,441481,443986,1,6,1038
NE,8/31/2020,4789,1000,358,108340,43327,8279124,1692,419,6743,296,0,28,0,2,0,0,0,0,0,0,0,472,3148,379288,379530,0,0,0
NE,9/30/2020,6128,3317,304,122878,31661,6205953,2455,1183,28367,434,0,17,0,1,0,126,0,4,0,0,0,1710,11590,684593,455139,2,6,1038
NJ,4/30/2020,76080,76080,456,64530,2284,618382,57060,57060,0,0,0,0,0,0,0,0,0,0,0,0,0,0,0,0,2726611,0,0,0
NJ,5/31/2020,290502,290502,228152,1841078,1450212,378883571,217877,217877,0,169,12,68,6,26,1,0,0,0,0,0,0,0,0,0,12710084,0,0,0
NJ,6/30/2020,86360,86360,121275,1782464,1645545,433284236,64770,64770,0,1135,16,439,6,136,1,851,12,329,5,102,1,0,0,0,6645378,0,0,0
NJ,7/31/2020,85525,85525,58237,1822746,1619875,420184957,64144,64144,0,1226,32,920,16,209,0,920,24,690,12,157,0,0,0,0,6821815,0,0,0
NJ,8/31/2020,50978,50978,45460,1788063,1610806,418543817,38234,38234,0,1145,58,852,23,188,2,858,44,639,17,141,2,0,0,0,5709857,0,0,0
NJ,9/30/2020,67896,67896,36702,1727271,1552006,405688775,50922,50922,0,610,27,1293,22,312,2,458,20,970,17,234,2,0,0,0,6173702,0,0,0
NM,3/31/2020,0,0,0,0,0,0,0,0,0,0,0,0,0,0,0,0,0,0,0,0,0,0,0,0,0,0,0,0
NM,4/30/2020,16970,16897,8145,48581,40737,10629459,16970,16897,653,3,0,0,0,0,0,3,0,0,0,0,0,7,7,3452,603019,0,0,0
NM,5/31/2020,14941,14934,20158,210480,196967,45326834,14941,14934,3011,49,0,3,0,0,0,49,0,3,0,0,0,35562,35562,6734097,803786,0,0,0
NM,6/30/2020,10299,10254,7748,205760,185667,36362550,10299,10254,3298,163,0,17,0,0,0,163,0,17,0,0,0,20007,20007,5769624,655046,23,23,10565
NM,7/31/2020,14126,14073,11109,311965,291435,54463149,14126,14073,5031,137,4,148,4,0,0,137,4,148,4,0,0,15550,15550,9007659,996137,445,445,275226
NM,8/31/2020,6935,6931,4844,189099,177226,33334491,6935,6931,3177,391,10,297,10,0,0,391,10,297,10,0,0,20247,20247,10278738,588073,1109,1109,682513
NM,9/30/2020,5658,5651,3475,164816,145781,27405644,5658,5651,19163,775,10,550,10,0,0,775,10,550,10,0,0,21029,21029,11963047,544677,791,791,395794
NV,4/30/2020,0,0,0,0,0,0,0,0,0,0,0,0,0,0,0,0,0,0,0,0,0,0,0,0,0,0,0,0
NV,5/31/2020,105284,10361,10361,626351,53487,15261037,55566,8024,9,11,0,0,0,0,0,0,0,0,0,0,0,0,0,0,2936494,0,0,0
NV,6/30/2020,188891,95950,95950,2320663,1267965,323952725,56763,42830,12486,24,0,0,0,0,0,0,0,0,0,0,0,75,539,145410,7238494,0,0,0
NV,7/31/2020,126247,19211,19211,1931085,404364,104048463,36691,9584,13437,3275,0,0,0,0,0,0,0,0,0,0,0,0,0,0,5676225,0,0,0
NV,8/31/2020,51946,2805,2805,1202104,324685,85267734,15937,1666,66506,13388,0,0,0,0,0,0,0,0,0,0,0,2,1,11409,3030026,0,0,0
NV,9/30/2020,47280,2534,2534,584601,262800,64782837,18090,1486,52608,5212,0,1,0,0,0,0,0,0,0,0,0,4,3,2450,1889881,0,0,0
NY,3/31/2020,1057,1044,0,952,0,0,403,396,0,0,0,0,0,0,0,0,0,0,0,0,0,0,0,0,0,0,0,0
NY,4/30/2020,97900,94708,6072,293053,19706,4130985,57642,56662,0,0,0,0,0,0,0,0,0,0,0,0,0,0,0,0,3160560,0,0,0
NY,5/31/2020,669021,655841,584943,3612762,2776902,621187936,227639,223876,0,15,0,0,0,0,0,0,0,0,0,0,0,28,89,22928,23788257,1,10,1820
NY,6/30/2020,293750,280894,348553,7308619,7272525,1697669075,84410,80531,0,37,0,0,0,0,0,0,0,0,0,0,0,407,1912,413241,22740256,10,54,9277
NY,7/31/2020,235199,226727,210753,5989735,5957829,1312905294,65691,64292,0,44,1,11,0,2,0,0,0,0,0,0,0,394,2595,551019,18959808,55,181,34699
NY,8/31/2020,156355,148861,130606,7066661,6345059,1373626684,54856,52430,0,76,0,60,0,6,0,0,0,0,0,0,0,571,5894,1008113,19406973,78,298,68443
NY,9/30/2020,153708,147317,100998,5781348,5603704,1250163829,49873,48244,0,186,1,53,1,12,0,0,0,0,0,0,0,1649,15374,3225385,16513373,604,4003,1068903
OH,4/30/2020,0,0,0,0,0,0,0,0,0,0,0,0,0,0,0,0,0,0,0,0,0,0,0,0,0,0,0,0
OH,5/31/2020,203176,203126,144830,1605057,1285435,314558253,94059,94040,32014,0,0,0,0,0,0,0,0,0,0,0,0,302,302,116448,11205837,6,6,7482
OH,6/30/2020,275202,275151,210581,3199634,2862713,642784075,74878,74859,108609,5135,0,0,0,0,0,0,0,0,0,0,0,3058,3058,1923665,17275006,35,35,21615
OH,7/31/2020,268081,268081,146680,1665491,1290226,279986102,33411,33411,54248,0,0,0,0,0,0,0,0,0,0,0,0,93977,93977,64817477,12776731,32,32,24648
OH,8/31/2020,52626,52626,38165,1443149,1294190,276786272,11611,11611,81535,0,0,0,0,0,0,0,0,0,0,0,0,10953,10953,7589893,5613939,0,0,0
OH,9/30/2020,56280,56280,27049,1271057,1064612,228821839,56280,56280,95446,0,0,0,0,0,0,0,0,0,0,0,0,54041,54041,40606828,5245994,48,302,198678
OK,3/31/2020,163,146,4,7266,10,2906,0,0,0,0,0,0,0,0,0,0,0,0,0,0,0,0,0,0,20539,0,0,0
OK,4/30/2020,1273,1204,91,8046,204,75204,0,0,0,0,0,0,0,0,0,0,0,0,0,0,0,0,0,0,58339,0,0,0
OK,5/31/2020,14470,11773,6108,74445,34586,11405191,0,0,0,0,0,0,0,0,0,0,0,0,0,0,0,0,0,0,628600,0,0,0
OK,6/30/2020,6804,5402,10973,153422,68240,28783447,0,0,0,1,0,1,0,0,0,0,0,0,0,0,0,2,2,948,532939,0,0,0
OK,7/31/2020,8781,7500,18607,238061,121478,54711540,0,0,0,0,0,0,0,0,0,0,0,0,0,0,0,7,19,9288,786545,0,0,0
OK,8/31/2020,4561,3824,16626,148192,119994,40723915,0,0,0,1,0,0,0,0,0,0,0,0,0,0,0,109,0,108143,458892,0,0,0
OK,9/30/2020,4111,3551,17090,177400,123506,37067363,0,0,0,2,0,0,0,0,0,0,0,0,0,0,0,123,0,162563,503412,0,0,0
OR,4/30/2020,3678,186,186,2056,711,153867,3678,183,0,0,0,0,0,0,0,0,0,0,0,0,0,0,0,0,112572,0,0,0
OR,5/31/2020,14235,11141,11141,57321,71371,14660522,14235,10675,0,0,0,0,0,0,0,0,0,0,0,0,0,0,0,0,612528,0,0,0
OR,6/30/2020,14702,10355,10355,103382,119139,24468776,14702,8879,0,0,0,0,0,0,0,0,0,0,0,0,0,0,0,0,790547,0,0,0
OR,7/31/2020,61043,12924,12924,241524,188494,39147741,61043,9639,0,0,0,0,0,0,0,0,0,0,0,0,0,0,0,0,2731932,0,0,0
OR,8/31/2020,17619,14368,14368,413387,322106,67025344,17619,10437,0,0,0,0,0,0,0,0,0,0,0,0,0,0,0,0,2069722,0,0,0
OR,9/30/2020,23568,13552,13552,460271,334213,70233209,23568,9883,0,0,0,0,0,0,0,0,0,0,0,0,0,0,0,0,2423038,0,0,0
PA,4/30/2020,132163,0,0,4,0,0,96293,0,0,0,0,0,0,0,0,0,0,0,0,0,0,0,0,0,2241791,0,0,0
PA,5/31/2020,282930,364030,258120,3153464,2395028,654390271,99155,175028,12,0,0,0,0,0,0,0,0,0,0,0,0,0,0,0,9688361,0,0,0
PA,6/30/2020,458762,455379,311202,6759205,5117526,1297907769,128873,128723,109,0,0,0,0,0,0,0,0,0,0,0,0,0,0,0,21690890,0,0,0
PA,7/31/2020,685456,682064,318558,9449296,6231341,1543916484,216725,216626,229,0,0,0,0,0,0,0,0,0,0,0,0,0,0,0,30578201,0,0,0
PA,8/31/2020,175788,169874,85214,3522269,2935083,693071846,63817,62700,160,799,0,0,0,0,0,250,0,0,0,0,0,2,7,1344,9985132,0,0,0
PA,9/30/2020,203889,202973,36971,2851556,2854527,639924369,114182,114106,128,744,0,0,0,0,0,277,0,0,0,0,0,12,57,12344,9175133,0,0,0
PR,4/30/2020,542,106,75,434,418,45134,83,17,11,0,0,0,0,0,0,0,0,0,0,0,0,0,0,0,30646,0,0,0
PR,5/31/2020,52527,82602,63660,463939,420222,28765440,540,564,45908,0,0,0,0,0,0,0,0,0,0,0,0,30,174,13659,4346802,0,0,0
PR,6/30/2020,121472,122693,119343,1714045,1736108,17183417,87,92,94676,0,0,0,0,0,0,0,0,0,0,0,0,78,458,44104,5993165,0,0,0
PR,7/31/2020,92512,100038,91596,2018164,1928966,29500428,50,54,135166,0,0,0,0,0,0,0,0,0,0,0,0,177,1499,113365,5839477,0,0,0
PR,8/31/2020,24779,43795,41281,1259815,1305951,87977871,6,13,84593,0,0,0,0,0,0,0,0,0,0,0,0,202,2107,146133,2850805,0,0,0
RI,4/30/2020,32896,32828,25715,54080,53137,16210264,0,0,0,0,0,0,0,0,0,0,0,0,0,0,0,0,0,0,1311603,0,0,0
RI,5/31/2020,17257,17169,43302,157067,152076,40144485,0,0,0,11,0,0,0,0,0,0,0,0,0,0,0,35,57,19733,995561,1,1,183
RI,6/30/2020,13867,13816,50969,213816,207820,51980499,0,0,0,11,0,16,0,2,0,0,0,0,0,0,0,90,228,67257,974306,0,0,0
RI,7/31/2020,43360,43289,72196,222475,213851,50993018,0,0,0,11,0,13,0,13,0,0,0,0,0,0,0,160,393,108017,2004538,32,52,10396
RI,8/31/2020,91510,91440,78835,274642,244100,56591704,0,0,0,20,0,6,0,0,0,0,0,0,0,0,0,134,359,74586,3730776,42,77,13567
RI,9/30/2020,44998,44890,49914,221864,178494,41817903,0,0,0,20,1,12,0,5,0,0,0,0,0,0,0,166,710,167814,2057078,8,18,4843
SD,4/30/2020,1,1,1,2,2,344,1,1,0,0,0,0,0,0,0,0,0,0,0,0,0,0,0,0,77,0,0,0
SD,5/31/2020,2887,2887,2887,11427,11427,1961787,0,0,0,1,0,0,0,0,0,0,0,0,0,0,0,2,2,1544,161563,0,0,0
SD,6/30/2020,1785,1785,1785,20727,20727,3663521,0,0,0,42,0,0,0,0,0,0,0,0,0,0,0,40,40,19920,127912,0,0,0
SD,7/31/2020,553,553,553,17144,17144,3069764,0,0,0,65,0,1,0,0,0,0,0,0,0,0,0,56,56,57508,64891,0,0,0
SD,8/31/2020,547,547,547,19390,19390,3609453,0,0,0,71,0,18,0,2,0,0,0,0,0,0,0,134,134,153586,73508,0,0,0
SD,9/30/2020,208,208,208,11231,11231,2136293,0,0,0,66,2,53,0,12,0,11,0,7,0,1,0,149,1479,266948,46285,9,116,19952
TN,3/31/2020,8,52,0,277,0,0,0,0,3,0,0,0,0,0,0,0,0,0,0,0,0,0,0,0,641,0,0,0
TN,4/30/2020,73819,59599,40500,156666,121996,14663872,12940,4253,126,18,0,9,0,0,0,2,0,1,0,0,0,1,1,120,1742569,0,0,0
TN,5/31/2020,22332,29446,29606,383107,361406,50959810,7746,13473,530,176,0,132,0,0,0,20,0,3,0,0,0,28,56,6404,1103865,1,2,404
TN,6/30/2020,24146,21468,19291,488482,451128,63934006,10197,8950,886,165,0,28,0,0,0,40,0,2,0,0,0,67,216,28219,1305309,8,47,6570
TN,8/31/2020,17342,2704,3861,612725,448044,64476007,1,1,1996,203,0,71,0,21,0,2,0,7,0,4,0,72,590,86360,1442898,51,585,98677
TN,9/30/2020,21867,5667,4155,664511,366899,56717169,14,11,2742,288,0,22,0,5,0,1,0,0,0,0,0,94,1001,132217,1622986,395,4389,665630
TX,4/30/2020,380118,318336,154988,461184,479842,100656357,230712,191456,29433,153,0,0,0,0,0,108,0,0,0,0,0,128,266,43597,9600674,0,0,0
TX,5/31/2020,196597,187849,219001,1599314,1524982,320687394,132753,126839,83739,596,0,1,0,0,0,389,0,0,0,0,0,3008,7099,440407,7306263,2,9,475
TX,6/30/2020,140531,110193,124737,2098242,2019304,412855253,53676,52050,116835,144,0,4,0,0,0,104,0,3,0,0,0,3878,11748,43384,6865751,1,2,278
TX,7/31/2020,119111,76702,87620,2481318,2437229,497383571,3096,2196,139910,139,0,42,0,38,0,76,0,22,0,19,0,3470,13386,450798,7033501,0,0,0
TX,8/31/2020,77142,47858,69862,2455979,2344313,756367315,2067,1498,112460,566,1,64,0,45,0,473,1,62,0,44,0,7058,32482,375610,6020360,0,0,0
TX,9/30/2020,60783,823,27893,2700514,3201858,1143462665,7859,170,255675,351,6,171,0,46,0,252,5,155,0,40,0,5658,29875,478153,6076221,1,17,3312
UT,2/29/2020,0,0,0,0,0,0,0,0,0,0,0,0,0,0,0,0,0,0,0,0,0,0,0,0,0,0,0,0
UT,3/31/2020,0,0,0,0,0,0,0,0,0,0,0,0,0,0,0,0,0,0,0,0,0,0,0,0,0,0,0,0
UT,4/30/2020,17935,662,497,39623,2287,564611,5652,294,0,0,0,0,0,0,0,0,0,0,0,0,0,0,0,0,774132,0,0,0
UT,5/31/2020,10414,5556,4574,89208,34622,8926170,2307,2636,15312,0,0,0,0,0,0,0,0,0,0,0,0,0,0,0,574135,0,0,0
UT,6/30/2020,7268,7269,2713,95087,80095,19867758,1516,3328,51400,0,0,0,0,0,0,0,0,0,0,0,0,0,0,0,471861,0,0,0
UT,7/31/2020,5772,2589,2852,87044,64277,15422504,1311,1227,31787,0,0,0,0,0,0,0,0,0,0,0,0,0,0,0,411416,0,0,0
UT,8/31/2020,3566,494,508,63580,34450,8450684,555,261,20745,0,0,0,0,0,0,0,0,0,0,0,0,0,0,0,276016,0,0,0
UT,9/30/2020,3102,362,336,42703,21672,5398734,748,198,30440,0,0,0,0,0,0,0,0,0,0,0,0,0,0,0,212068,0,0,0
VA,3/31/2020,0,0,0,0,0,0,0,0,0,0,0,0,0,0,0,0,0,0,0,0,0,0,0,0,0,0,0,0
VA,7/31/2020,82411,0,26124,1629719,1465433,996902918,32019,0,0,0,0,0,0,0,0,0,0,0,0,0,0,0,0,0,6550821,0,0,0
VA,8/31/2020,17896,0,23575,987479,940763,195027132,6601,0,0,0,0,0,0,0,0,0,0,0,0,0,0,0,0,0,2741536,0,0,0
VA,9/30/2020,14323,0,23767,841381,785188,142892161,4456,0,0,0,0,0,0,0,0,0,0,0,0,0,0,0,0,0,2300453,0,0,0
VI,1/31/2020,1,1,0,0,0,0,0,0,0,0,0,0,0,0,0,0,0,0,0,0,0,0,0,0,0,0,0,0
VI,2/29/2020,66,66,0,0,0,0,49,49,0,0,0,0,0,0,0,0,0,0,0,0,0,0,0,0,546,0,0,0
VI,3/31/2020,1039,1038,0,0,0,0,809,809,0,0,0,0,0,0,0,0,0,0,0,0,0,0,0,0,8595,0,0,0
VI,4/30/2020,1709,1694,0,0,0,0,1295,1288,0,0,0,0,0,0,0,0,0,0,0,0,0,0,0,0,14877,0,0,0
VI,5/31/2020,284,276,0,0,0,0,233,230,0,0,0,0,0,0,0,0,0,0,0,0,0,0,0,0,2480,0,0,0
VI,6/30/2020,125,120,0,0,0,0,86,85,0,0,0,0,0,0,0,0,0,0,0,0,0,0,0,0,1094,0,0,0
VI,7/31/2020,66,62,14,0,228,62765,47,45,0,0,0,0,0,0,0,0,0,0,0,0,0,0,0,0,532,0,0,0
VI,8/31/2020,125,120,0,0,0,0,86,85,0,0,0,0,0,0,0,0,0,0,0,0,0,0,0,0,997,0,0,0
VI,9/30/2020,17,15,1746,0,14415,2945195,16,14,0,0,0,0,0,0,0,0,0,0,0,0,0,1,5,4675,133,0,0,0
VT,3/31/2020,1,1,0,0,0,0,0,0,0,0,0,0,0,0,0,0,0,0,0,0,0,0,0,0,0,0,0,0
VT,4/30/2020,9135,8731,0,33437,0,0,0,0,0,0,0,0,0,0,0,0,0,0,0,0,0,0,0,0,267379,0,0,0
VT,5/31/2020,8830,8008,0,104357,0,0,0,0,0,0,0,0,0,0,0,0,0,0,0,0,0,0,0,0,451379,0,0,0
VT,6/30/2020,1730,1348,0,51070,0,0,0,0,0,0,0,0,0,0,0,0,0,0,0,0,0,0,0,0,170570,0,0,0
VT,7/31/2020,2143,853,0,49984,0,0,0,0,0,0,0,0,0,0,0,0,0,0,0,0,0,0,0,0,175625,0,0,0
VT,8/31/2020,1375,242,0,56205,0,0,0,0,0,0,0,0,0,0,0,0,0,0,0,0,0,0,0,0,177339,0,0,0
VT,9/30/2020,210,105,0,38539,0,0,0,0,0,0,0,0,0,0,0,0,0,0,0,0,0,0,0,0,107339,0,0,0
WA,4/30/2020,247542,219017,92749,657052,474353,114254541,74418,61975,3641,1608,0,0,0,0,0,580,0,0,0,0,0,87,172,68444,9454308,0,0,0
WA,5/31/2020,151229,152213,83994,1136509,1105934,279887237,23912,32788,165452,2466,0,2,1,0,1,643,0,0,0,0,0,16776,88508,33264470,7433673,0,0,0
WA,6/30/2020,34812,34391,19174,860949,687545,163986822,7560,8866,69268,539,0,17,1,7,0,135,0,3,0,2,0,2898,20773,5808503,3216887,1,8,282
WA,7/31/2020,27345,28757,20752,808491,746655,186417832,4366,5210,76599,542,0,50,3,31,0,109,0,10,0,8,0,946,5347,1274842,2986468,5,45,331
WA,8/31/2020,18698,18028,6553,649937,636920,159877130,3010,3132,104048,1149,0,98,8,69,2,247,0,34,0,30,0,7596,12233,2770064,2302045,25,229,0
WA,9/30/2020,21877,20721,4668,670743,576263,146625231,2173,2228,96727,2536,0,122,8,87,2,746,0,38,2,26,1,7637,13187,3001144,2461864,60,992,0
WI,4/30/2020,43585,0,0,0,0,0,30887,0,0,0,0,0,0,0,0,0,0,0,0,0,0,0,0,0,853368,0,0,0
WI,5/31/2020,23887,896,709,5781,5643,1057197,11738,747,0,0,0,0,0,0,0,0,0,0,0,0,0,0,0,0,476037,0,0,0
WI,6/30/2020,13044,7809,6286,70133,62807,11805676,5009,7523,9,11,0,0,0,0,0,6,0,0,0,0,0,1,1,163,357842,0,0,0
WI,7/31/2020,13298,28383,17269,295364,242031,44545108,5382,23827,81,64,0,1,0,0,0,5,0,1,0,0,0,17,71,12833,765390,0,0,0
WI,8/31/2020,9697,10933,7780,233892,182133,33661648,3657,6998,80,1138,2,126,0,10,0,28,0,17,0,3,0,109,201,27700,612713,0,0,0
WI,9/30/2020,8603,6634,4342,188049,146961,27766603,3657,3845,410,615,6,223,1,0,0,31,1,15,1,0,0,745,1157,129439,529921,1,6,2220
WV,4/30/2020,14254,0,0,0,0,0,9930,0,0,0,0,0,0,0,0,0,0,0,0,0,0,0,0,0,329168,0,0,0
WV,5/31/2020,19507,29327,19750,261179,162404,28353903,6045,14392,7,0,0,0,0,0,0,0,0,0,0,0,0,0,0,0,922596,0,0,0
WV,6/30/2020,54716,0,11668,457149,161421,28340139,0,0,1,1,0,0,0,0,0,0,0,0,0,0,0,0,0,0,2142263,0,0,0
WV,7/31/2020,25136,424,395,255311,45405,7361698,6387,252,135,2,0,0,0,0,0,0,0,0,0,0,0,0,0,0,1109779,0,0,0
WV,8/31/2020,15918,0,2254,254204,94066,15401364,0,0,716,103,0,0,0,0,0,0,0,0,0,0,0,0,0,0,897979,0,0,0
WV,9/30/2020,18891,0,366,290699,49494,8018287,0,0,592,82,0,0,0,0,0,0,0,0,0,0,0,0,0,0,1042535,0,0,0
WY,4/30/2020,0,0,0,0,0,0,0,0,0,0,0,0,0,0,0,0,0,0,0,0,0,0,0,0,0,0,0,0
WY,5/31/2020,0,0,0,0,0,0,0,0,0,0,0,0,0,0,0,0,0,0,0,0,0,0,0,0,0,0,0,0
WY,6/30/2020,0,0,0,0,0,0,0,0,0,0,0,0,0,0,0,0,0,0,0,0,0,0,0,0,0,0,0,0
WY,7/31/2020,0,0,0,0,0,0,0,0,0,0,0,0,0,0,0,0,0,0,0,0,0,0,0,0,0,0,0,0
